<?xml version="1.0" encoding="UTF-8"?>
<Configuration xmlns:xsi="http://www.w3.org/2001/XMLSchema-instance" Version="6.0"
               xsi:noNamespaceSchemaLocation="schemas/cd_storage_conf.xsd">
    <Global>
        <Storages>
            <StorageBindings>
                <Bundle src="SearchDAOBundle.xml"/>
            </StorageBindings>

            <!--  Only modify the "Class" attribute For transactional configuration, otherwise leave default Factory as is-->
            <Storage Type="persistence" Id="defaultdb" dialect="${dbtype}"
                     Class="com.tridion.storage.si4t.JPASearchDAOFactory">
                <Pool Type="jdbc" Size="10" MonitorInterval="60" IdleTimeout="120" CheckoutTimeout="120"/>
                <DataSource Class="${dbclass}">
                    <Property Name="serverName" Value="${dbhost}"/>
                    <Property Name="portNumber" Value="${dbport}"/>
                    <Property Name="databaseName" Value="${dbname}"/>
                    <Property Name="user" Value="${dbuser}"/>
                    <Property Name="password" Value="${dbpassword}"/>
                </DataSource>
                <Indexer Class="org.si4t.elastic.ElasticSearchIndexer" 
				DocExtensions="txt" 
				documentEndpoint="${searchdocendpoint}"
				indexName="${indexname}" 
				indexType="${indextype}" 
				password="${password}" 
				user="${user}"/>
            </Storage>
        </Storages>
    </Global>
</Configuration>

